{
  "files": [
    {
      "filepath": "/media/foxy/ai/GSD/dev-tools/gsd-skill-creator/src/citations/extractor/__benches__/doi-detector.bench.ts",
      "groups": [
        {
          "fullName": "src/citations/extractor/__benches__/doi-detector.bench.ts > detectDois — synthetic load",
          "benchmarks": [
            {
              "id": "-215283924_0_0",
              "name": "small  (~500c, 1 DOI)",
              "rank": 1,
              "rme": 0.48134141127082447,
              "samples": [],
              "totalTime": 500.0010779999477,
              "min": 0.0017330000000015389,
              "max": 0.6868949999999927,
              "hz": 422901.088225298,
              "period": 0.0023646191221604424,
              "mean": 0.0023646191221604424,
              "variance": 0.000007130606146616967,
              "sd": 0.0026703194839975547,
              "sem": 0.000005807087272340232,
              "df": 211450,
              "critical": 1.96,
              "moe": 0.000011381891053786855,
              "p75": 0.002843999999981861,
              "p99": 0.005287000000009812,
              "p995": 0.006767999999965468,
              "p999": 0.01986600000000749,
              "sampleCount": 211451,
              "median": 0.0018289999999865358
            },
            {
              "id": "-215283924_0_1",
              "name": "medium (~5KB, 5 DOIs)",
              "rank": 2,
              "rme": 0.330654390814936,
              "samples": [],
              "totalTime": 500.0001639999805,
              "min": 0.0023979999998573476,
              "max": 0.3768410000000131,
              "hz": 329115.89205000026,
              "period": 0.0030384433695109354,
              "mean": 0.0030384433695109354,
              "variance": 0.0000043237217626960355,
              "sd": 0.0020793560932885055,
              "sem": 0.000005125891027404693,
              "df": 164557,
              "critical": 1.96,
              "moe": 0.000010046746413713198,
              "p75": 0.003480000000081418,
              "p99": 0.006028999999898588,
              "p995": 0.006367999999838503,
              "p999": 0.010594000000082815,
              "sampleCount": 164558,
              "median": 0.0025029999999333086
            },
            {
              "id": "-215283924_0_2",
              "name": "large  (~50KB, 50 DOIs)",
              "rank": 3,
              "rme": 0.469020077867469,
              "samples": [],
              "totalTime": 500.0277799999735,
              "min": 0.02265399999987494,
              "max": 0.33806800000002113,
              "hz": 32564.19073356457,
              "period": 0.030708578271815605,
              "mean": 0.030708578271815605,
              "variance": 0.00008792746845305886,
              "sd": 0.009376964778277609,
              "sem": 0.00007348438659309298,
              "df": 16282,
              "critical": 1.96,
              "moe": 0.00014402939772246222,
              "p75": 0.03118399999993926,
              "p99": 0.04464800000005198,
              "p995": 0.04795400000011796,
              "p999": 0.20413799999960247,
              "sampleCount": 16283,
              "median": 0.03007900000011432
            }
          ]
        }
      ]
    },
    {
      "filepath": "/media/foxy/ai/GSD/dev-tools/gsd-skill-creator/src/citations/extractor/__benches__/parser.bench.ts",
      "groups": [
        {
          "fullName": "src/citations/extractor/__benches__/parser.bench.ts > extractCitations — end-to-end pipeline",
          "benchmarks": [
            {
              "id": "1229233730_0_0",
              "name": "small  paper (10 refs, ~5KB)",
              "rank": 1,
              "rme": 0.7577372615355347,
              "samples": [],
              "totalTime": 500.046760999998,
              "min": 0.03573199999999588,
              "max": 0.4878350000000182,
              "hz": 21533.986098552174,
              "period": 0.04643822074665658,
              "mean": 0.04643822074665658,
              "variance": 0.00034706541274509296,
              "sd": 0.018629691697532005,
              "sem": 0.00017953046030180718,
              "df": 10767,
              "critical": 1.96,
              "moe": 0.0003518797021915421,
              "p75": 0.0549350000000004,
              "p99": 0.10668199999997796,
              "p995": 0.14066600000001017,
              "p999": 0.2576700000000187,
              "sampleCount": 10768,
              "median": 0.03708249999996838
            },
            {
              "id": "1229233730_0_1",
              "name": "medium paper (50 refs, ~25KB)",
              "rank": 2,
              "rme": 1.2592168153074523,
              "samples": [],
              "totalTime": 500.01448999999855,
              "min": 0.22000699999989592,
              "max": 1.6848870000000034,
              "hz": 3631.8947476902226,
              "period": 0.27533837555066,
              "mean": 0.27533837555066,
              "variance": 0.005682484007905688,
              "sd": 0.07538225260567429,
              "sem": 0.001768932206085864,
              "df": 1815,
              "critical": 1.96,
              "moe": 0.0034671071239282935,
              "p75": 0.3066449999998895,
              "p99": 0.497963000000027,
              "p995": 0.5670370000000275,
              "p999": 0.7701540000000477,
              "sampleCount": 1816,
              "median": 0.238698500000055
            },
            {
              "id": "1229233730_0_2",
              "name": "large  paper (200 refs, ~100KB)",
              "rank": 3,
              "rme": 3.2456621649220883,
              "samples": [],
              "totalTime": 503.54474799999684,
              "min": 1.963852000000088,
              "max": 4.718145999999933,
              "hz": 381.2967978766431,
              "period": 2.622628895833317,
              "mean": 2.622628895833317,
              "variance": 0.3621340783125589,
              "sd": 0.6017757707922103,
              "sem": 0.043429425407334646,
              "df": 191,
              "critical": 1.96,
              "moe": 0.0851216737983759,
              "p75": 3.059676999999965,
              "p99": 4.667359000000033,
              "p995": 4.718145999999933,
              "p999": 4.718145999999933,
              "sampleCount": 192,
              "median": 2.401422499999967
            }
          ]
        }
      ]
    }
  ]
}